0001713353,A1C6M8LCIX4M6M,5.0
0001713353,A1REUF3A1YCPHM,5.0
0001713353,A1YRBRK2XM5D5,5.0
0001713353,A1V8ZR5P78P4ZU,5.0
0001713353,A2ZB06582NXCIV,5.0
0001713353,ACPQVNRD3Z09X,5.0
0001713353,AVP0HXC9FG790,5.0
0001713353,A32MQTLQQN44WW,5.0
0001713353,A13CHIJPFCEP2M,5.0
0001713353,A324TTUBKTN73A,5.0
0001713353,ADLBKEDYXKXCH,5.0
0001713353,A3MVI1KIZQA9XB,5.0
0001713353,A2RE7WG349NV5D,5.0
0001713353,A2GSWEYW6Y4OIY,4.0
0001713353,AX8YZYILXC7LT,5.0
0001713353,ABZ2UEQ2JRYJ9,5.0
0001713353,A32B7QIUDQCD0E,5.0
0001713353,A25PQPZXU63223,5.0
0001713353,AUZXLPH8BN28C,5.0
0001713353,A2VXMOSOTK0W70,5.0
0001713353,A232U4KSNYAO2R,5.0
0001713353,A1RDVO9NPKWISU,5.0
0001713353,AHHHGMN33KF95,5.0
0001713353,A3H9YD6K9TVKDP,5.0
0001713353,A3M314LI9OYME,5.0
0001713353,A1YDQQJDRHM0FJ,5.0
0001713353,A1IL1A91CHGU53,5.0
0001713353,AHXMDCU0N15TN,5.0
0001713353,A2M46WTE5TR5WN,5.0
0001713353,ATHTCOG6BB6WK,5.0
0001713353,A3N7UC72L8TP0Z,5.0
0001713353,A255PQDLPOCUXP,5.0
0001713353,A3NHMUQN8HAVAW,5.0
0001713353,A30FZZMVK0N6CA,5.0
0001713353,A16KKR9J6JZELK,5.0
0001713353,AJZL08SGSYBDD,4.0
0001713353,A3MA68F62DFNVU,5.0
0001713353,A1VU0P0OF9DRMT,5.0
0001713353,A294QSAEH1Z7YI,3.0
0001713353,AC4I57VYBGO8P,5.0
0001713353,AKHVEPR68DGPN,4.0
0001713353,A189H5MS7ECVRX,5.0
0001713353,A1RR8Q97PANN98,5.0
0001713353,A1SDAYRVRR62ZH,5.0
0001061240,A1IG9N5URR82EB,5.0
0001061240,A3M1GRH7DAKG9H,4.0
0001061240,A1H3A4VJG11WCT,5.0
0001061240,A2PXHROL8DBVGR,5.0
0001061240,A3UOJT5NCIOS1U,5.0
0001061240,A2CVLIZ9ELU88,5.0
0001061240,A2HI7JIZ1EKWRQ,5.0
0001061240,A2LGACKSC0MALY,5.0
0001061240,A6EQG0P75KHJ,5.0
0001061240,A2RL015TSMQLRV,5.0
0001061240,A3LQW5GZSXDXAG,5.0
0001061240,A3O9Q65T1EJYO8,5.0
0001061240,A1TJ6TAESKL56O,5.0
0001061240,A364VBQMMXKX1Q,5.0
0001061240,A3ZG0U3FOF3T1,2.0
0001061240,A3BE4WPPAOK191,5.0
0001061240,A199XJR9ZO0EQ8,5.0
0001061240,AZT95BSNACPRR,5.0
0001061240,A3PF93B41F9IDL,4.0
0001061240,AOSS6RJIPV8WS,5.0
0001061240,A2QL1VNS6O65IK,5.0
0001061240,A1PZIHJAT8TG3W,5.0
0001061240,AYIPHN7Q2TBM3,5.0
0001061240,A31QP3G4FS2A90,5.0
0001061240,A3MMEIRXMH6QU3,5.0
0001061240,A2C81B811FA56V,5.0
0001061240,A3QYDL5CDNYN66,5.0
0001061240,A2A4SCGVEDWOX9,5.0
0001061240,AHJZLIXZUDSTD,5.0
0001061240,A35NBIN3NJK75S,5.0
0001061240,A2RJ8F39GFP9G9,5.0
0001061240,A2I3SX01TVDJJB,5.0
0001061240,A1VT3VPFRB050F,5.0
0001061240,A3OBWYOJXB2K96,5.0
0001061240,A20J9UEYG47LZL,5.0
0001932349,A1RJTUTL6AOBEW,5.0
0001932349,AG5WO5CYX6C2R,5.0
0001932349,A1JEI4W0IBQ6OA,5.0
0001932349,A1Q0WD0JBF9VE0,5.0
0001932349,ARTMVRZR549T6,5.0
0001932349,A1X9NB8F3KHOU5,5.0
0001932349,A2NG0O7JGLBGUP,5.0
0001932349,AJBJJM3W11QLL,5.0
0001712799,A2NJO6YE954DBH,4.0
0001712799,A1U1EY5QFJULO5,4.0
0001712799,AJ8AQG2X9JJ2Y,3.0
0001712799,A1K1JW1C5CUSUZ,5.0
0001712799,A1VZNYOMRMYAJ4,5.0
0001712799,AOXBDUX0VYAVV,5.0
0001712799,AMVHPY79SSM6I,5.0
0001712799,A1UFGV0WEC7VW0,5.0
0001712799,A1F44BF23GYH37,5.0
0001712799,A26HG915RCZC08,5.0
0001712799,A2M08SO0PJKPAV,1.0
0001712799,ACDGSWXN3NKSR,5.0
0001712799,A17IX3E12FRWXZ,5.0
0001712799,ATY6HODKD5DYU,5.0
0001712799,A25OZYI8MK3953,5.0
0001712799,A3VLU135Y2SVYJ,5.0
0001712799,A1BNWEJ7RVPLQ1,5.0
0001712799,A10SDSO3M24C1R,5.0
0001712799,A2Z3AK9S49YLVI,5.0
0001712799,A12Q7B7NT716RV,5.0
0001712799,A2W0KXDW71PP7Z,5.0
0001712799,A26TU4ONC9KQRR,5.0
0001712799,A1H3KVFWEUJ6S,5.0
0001712799,A21FGH67RH9EB,5.0
0001712799,A3KCU7U92ZL08X,5.0
0001712799,A2SX0AP507CQ1Z,4.0
0001712799,A2NSC2MI27AODX,5.0
0001712799,A1LOW0ABH5WFQ8,5.0
0001712799,A3LY3ZEYZO043L,4.0
0001712799,AHWZVR8D15XMK,5.0
0001712799,A1NKSA7YPFC2HB,5.0
0001712799,A1PZ94AOBKDLZU,5.0
0001712799,A6S7H9EXZC4AT,5.0
0001712799,ASSHPKQBFZPB5,5.0
0001712799,A1ZQ76HC6WIDAW,5.0
0001712799,A97K90QAVA3XZ,5.0
0001712799,A12RL09GAGJ6GP,5.0
0001712799,ATNLEKORO6W0T,5.0
0001712799,A1IE1MW324AX9B,5.0
0001712799,A13AL84BGHEF85,5.0
0001712799,AUE76YVSZ0D0H,4.0
0001712799,A278KG3PCNTZFO,5.0
0001712799,A2LYGPXM4BO3NW,5.0
0001712799,A3CKPNSGA7JOLK,4.0
0002006448,A2B1GZIRD6W646,4.0
0002006448,A1DK5AZMXS1QA3,4.0
0002006448,A1JS302JFHH9DJ,3.0
0002006448,A26QTCZG2XR3JH,5.0
0002006448,A1AV8G3QMHK2ST,5.0
0002006448,A36X9BU9JB8KCE,5.0
0002006448,A1J0DCO969DZ53,4.0
0002006448,A2MOBMVHECYVLE,5.0
0002005263,A2VDN6OJOIY74W,3.0
0002005263,A1POJBC0L210UT,4.0
0002005263,A2X9XKFB18UQCU,4.0
0002005263,AEC46NVS07MJ9,4.0
0002005263,A9ANMVCEOQ8P7,4.0
0002005263,A25SQVXZL0OICV,5.0
0002005263,A2BTLILDJGPHBP,5.0
0002005263,A9KF6TVHK49XH,5.0
0002005263,A3NUCX3B0OZ8RK,5.0
0002005263,A33WRKQCQ2R9JJ,5.0
0002005263,ARVOX5K5ZJOJR,3.0
0002005263,A353L9MM29O3UV,5.0
0002005263,A3VTEB4N3JVPYF,3.0
0002005263,A1YHS5P5DLMA2O,4.0
0002005263,A1LNKTDPF154ND,5.0
0002005263,A1YTZAZZ1L32RL,5.0
0002005263,A2TOY6KGR7BON1,5.0
0002005263,A3LAQSHW9IVKUO,5.0
0002005263,A21OVLZW4BFF6R,5.0
0002005263,ALFZQWJS6CHIN,5.0
0002005263,A1MN8SBTGP90GQ,5.0
0002005263,A1X9AW4B7SYGBZ,5.0
0002005263,A2NKR6UJG80TZY,5.0
0002005263,A2XC3VWHT2YX7W,5.0
0002005263,A19S1GJKOQDT3K,4.0
0002005263,AUIXPY0FM4AT8,5.0
0002005263,A1IZ5UWI7DK85X,5.0
0002005263,A3UHRT62SMS7M7,4.0
0002005263,AWNSW4WCQAGGC,5.0
0002005263,A2B4R7L8FX9BGT,5.0
0002005263,AQWJOMHILV3HM,5.0
0002005263,A23Q5CVR7OQT0P,4.0
0002005263,A2M21MDLT8EBKB,5.0
0002005263,A1WNWXDL5DB6OJ,3.0
0002005263,A8Y7VL4GFT3I5,5.0
0002005263,A18BXJ1QUUU67M,5.0
0002005263,A0334855HN6E38CXWXZR,5.0
0002005263,ARLA7GF4WHXWP,5.0
0002005263,A3Q8Q17PZPTG02,4.0
0002005263,A19E00EBW5T4P8,5.0
0002005263,AXW91NZREQK7W,5.0
0002005263,A3H8VQG6WD8A0W,5.0
0002005263,A1LKK0BIG205MK,5.0
0002005263,A3HZRBE0COF63O,5.0
0002005263,A359IT4L5PTY29,5.0
0002005263,A3MBBXYIXNC44X,5.0
0002005263,A2PLFV5938ESJD,5.0
0002005263,A2NBN7BOPSBZ8J,5.0
0002005263,A1JMSX54DO3LOP,4.0
0002005263,A2IUN4UQ9TTQAU,5.0
0002005263,A3VESYBWYWS6EZ,5.0
0002005263,ADLKZMNMVGA0Y,5.0
0002005263,A39WOO4Y1GY6PZ,4.0
0002005263,AKATSLETUOKPT,4.0
0002005263,A1XQ1JB4A3UWIK,5.0
0002005263,AQ2SGEU5O3CPU,5.0
0002005263,A3SBT9C1BH4NW,4.0
0002005263,A2YB27DQABTR10,5.0
0002005263,A3IUCGFLQW5WMC,5.0
0002005263,A2VJ42YOETXTGJ,4.0
0002005263,A3S62U3MSPH202,5.0
0002005263,APUS1UN6XMBBA,5.0
0002005263,A22QFL2QV9336P,5.0
0002005263,A18A4U7H4MWSP,3.0
0002005263,AGENS6MY9PZGW,4.0
0002005263,A18CEK0KG2GQYT,5.0
0002005263,A1CGSEC9WH69P0,2.0
0002005263,AX1NAI8PKSVWM,5.0
0002005263,A3MBENSVWGUFRK,3.0
0002005263,A27RAHQMS3SSUS,4.0
0002005263,A0790722OCX87RKL2J3T,5.0
0002005263,A3EHZMD24B5BQ0,5.0
0002005263,A2XCYD5CI5JUL8,3.0
0002005263,A2LJJ70H2V1LGG,4.0
0002005263,A2VP4K4EZQMK0H,5.0
0002005263,A20EEWWSFMZ1PN,5.0
0002005263,A31837O2LNB9OY,3.0
0002005263,A2XLTU77IHXT7D,5.0
0002005263,A2PO2J1E3U2WP8,5.0
0002005263,A1M2DFP0F1AM7O,5.0
0002005263,A1NMMEMQXWKEY5,5.0
0002005263,A2OFD4N2V01UJ0,5.0
0002005263,AZ29QKQ3P9RSF,4.0
0002005263,A59MFVKCBM81,5.0
0002005263,ABRGP7CAWC12R,5.0
0002005263,AJ0S3H4FWF3E6,4.0
0002005263,A34LD0NF74M4YL,5.0
0002005263,A2ICKSJ6T7WIBO,3.0
0002005263,A8G6KQD2JH8NW,5.0
0002005263,A1B2SXH9MHXLB2,5.0
0002005263,A1SFGWZDT7VW5M,5.0
0002005263,A2IP27AZB3D1SM,2.0
0002005263,A32P4UYG6FHW8D,4.0
0002005263,A1HHTBQYHJ3G6L,3.0
0002005263,A1D1NZGC903VCM,5.0
0002005263,A2L011SW64C71U,4.0
0002005263,AQYVOM8WORWPQ,5.0
0002005263,A1IKEBJX95DXL7,5.0
0002005263,A1KAKJJCS78ZQU,5.0
0002005263,A324NNSMM9EFML,5.0
0002005263,A3QYED2BGXI1J4,5.0
0002005263,A2L1WOL3CPMLZ7,4.0
0002005263,A2UBANTL5PBEYX,5.0
0002005263,ARQ9AJMB7K2P8,4.0
0002005263,A4ZKAHC5AXCQH,3.0
0002005263,A173A6FDY7AF1F,5.0
0002005263,A1IDOCLKG8RZAQ,3.0
0002005263,A2N1PDKJCNV61O,4.0
0002005263,A2IQPJZ5H4OE1G,5.0
0002005263,A1KW14CRGL4VHI,5.0
0002005263,A1GWI6951C8DNP,4.0
0002005263,A3I9SVIXG23UNR,5.0
0002005263,A2JCD121CVSVDI,5.0
0002005263,AY6FR1YI2DXWJ,5.0
0002005263,A1OW03P2J48W2T,5.0
0002005263,AW4WMLAWDHRW7,5.0
0002005263,A22EVOS6RJLK02,5.0
0002005263,A1KM52V1PPD05J,4.0
0002005263,A2V0TCP6RSFHH5,4.0
0002005263,AM7W8HF8AP55K,5.0
0002005263,A2H650P49NTKMR,4.0
0002005263,A1451WNQDLL505,5.0
0002005263,A2F4DQCEER6EP0,5.0
0002005263,A2M1Z3HYHGKW71,4.0
0002005263,AD0DOKAU30HIO,5.0
0002005263,A2R8RX05RDWD3K,5.0
0002005263,A25TS1GQCVBRRL,5.0
0002005263,A39QEKNEFSJ34Q,3.0
0002005263,A1XTWXIMUCDGQE,4.0
0002005263,AN8C7BGR98HLN,3.0
0002005263,AI0BCEWRE04G0,3.0
0002005263,A2CWV7OPIRY3SL,4.0
0002005263,A284X2QGD5QYV3,3.0
0002005263,A2B1GZIRD6W646,3.0
0002005263,AUFJI068IDTGD,5.0
0002005263,A38K04MT5LR0JC,2.0
0002005263,A1U11NS6LZ76PB,5.0
0002005263,APV3V9NAXCPFI,2.0
0002005263,A2XGVXP3RVV9SJ,2.0
0002005263,A11UA7RCLN6WNU,5.0
0002005263,A19KGMS0Y8LZZP,3.0
0002005263,A15579Y1NDKSGW,1.0
0002005263,A1D6PWUMDY9F7V,4.0
0002005263,A1JYERR10WFM3O,1.0
0002005263,A19GHRM6YUX0HV,3.0
0002005263,A1U6B2LDK3BUVU,3.0
0002005263,A2K9XJ1ND1343O,5.0
0002005263,AQWPR35GQAC6A,1.0
0002005263,A1E7G56OX03JKO,1.0
0002005263,A1IROHF4TW000K,4.0
0002005263,A1OTGBG66P6K5Y,5.0
0002005263,A3ABJR7AHYSJYM,4.0
0002005263,A2LVI17XQ5EYQ0,3.0
0002005263,A11M98R135HMSY,4.0
0002005263,A912C7977MO6O,4.0
0002005263,AWJ2DKOPN7P3W,1.0
0002005263,A25CD3NNU10FXA,3.0
0002005263,A2XWOJX3RV4PLW,2.0
0002005263,A2Q3D3CC9HT0S5,1.0
0002005263,A4CGCU0FQFKTA,1.0
0002005263,A11F0ECHMYDWIN,4.0
0002005263,A2PR7D7O1DY10I,4.0
0002005263,AQ55H30MZSV0Q,1.0
0002005263,A1WRXACOKPITBQ,1.0
0002005263,AA0OOIGP5MQ6D,2.0
0002005263,A16NGVGUH407ZO,1.0
0002005263,A231J4UZ1YEUQ0,1.0
0002005263,A7X1H9HQFGBII,3.0
0002005263,A34Y4CN9FADTB7,2.0
0002005263,A3NHI94FA6ME71,3.0
0002005263,A2KSU7OOJ5C479,4.0
0002005263,A3HDLAZUZH8QWF,2.0
0002005263,A1IIGIXBH9NX4J,4.0
0002005263,AJAPKRSNE6YIP,1.0
0002005263,A3FT7WR9YGU4RK,5.0
0002005263,A2HB2UG12Y9TJ3,1.0
0002005263,A2VZ11U5DXM8J5,4.0
0002005263,A34UTL4AVX80MK,5.0
0002005263,A2AG0DBDIQ7JOK,2.0
0002005263,A1DBDFV1K52ANB,4.0
0002005263,A3G2JYXEW059CY,2.0
0002005263,ADJKMC7AO7YN3,3.0
0002005263,ASB1VI8NQRY61,4.0
0002005263,ANEDXRFDZDL18,4.0
0002005263,A1NIJN65YPFUR1,5.0
0002005263,AQ40L2YGV7C42,5.0
0002005263,AYNLD5B9OKL0F,3.0
0002005263,A9GEHD37Z90HT,3.0
0002005263,ALA15X444CMOU,4.0
0002005263,A1GPKEWSZGUEEP,3.0
0002005263,AVCK48WHU7Q4T,3.0
0002005263,A34PUH7KNZ9HCJ,5.0
0002005263,A9L1JTFE26GLN,3.0
0002005263,AL2VDE4LO4ESR,3.0
0002005263,A2XIZEBB2KS0YJ,3.0
0002005263,A1R1K5KEF5MCIM,1.0
0002005263,A38FPECVKD1Y15,1.0
0002005263,A2GLN2XGQ5JNWQ,4.0
0002005263,A356OPC8FE82K9,4.0
0002005263,A2VKJSOFX1TIWL,1.0
0002005263,AR9TE45VPVGQK,1.0
0002005263,A2CR57GAJKNWVV,3.0
0002005263,A1V1B8FOFE2ZZ,2.0
0002005263,A1QIHNZHUHQV08,1.0
0002005263,A3NU88ECJZ168W,3.0
0002005263,A2K7BZAL9BB92F,4.0
0002005263,AO6U3C5QH8CON,1.0
0002005263,AVGGEAI1YGSAP,3.0
0002005263,A26MAEXDS5Y1HZ,4.0
0002005263,A3LNHS3SDP4AFO,1.0
0002005263,AH7ZG2XVL5WOW,3.0
0002005263,AXGBP1OF2972H,1.0
0002005263,A3NMT1447ME6PC,1.0
0002005263,A3HCPK54FATFO4,3.0
0002005263,AMFB2GBB2O84X,1.0
0002005263,A3NGN97HO5BA95,2.0
0002005263,A2W4B5871IRPUD,3.0
0002005263,A3AD071UEP20WS,5.0
0002005263,A1F76LOFW5JJC2,2.0
0002005263,A2NH86IELLJSE4,4.0
0002005263,A7E2MSRVHAAO1,5.0
0002005263,A1HD50VEPZYO0O,1.0
0002005263,A2EJ7CM6ANG7DT,4.0
0002005263,A2F6N60Z96CAJI,4.0
0002005263,A34Y8CPXE6AFI0,1.0
0002005263,A9ETDX5K04DY,5.0
0002005263,A2ODBHT4URXVXQ,5.0
0002005263,A18VICK1AMJS6B,2.0
0002005263,A2UL2HW5BFQ4QC,5.0
0002005263,A3SFETHRODPP8W,5.0
0002005263,AVYHIKHA6KRJF,4.0
0002005263,A3TGNIQ0R3V6L7,4.0
0002005263,A1K1JW1C5CUSUZ,4.0
0002005263,A359U0JFFZ0Q04,4.0
000047715X,ASS457AQPDIFZ,5.0
000047715X,A3NMH1KTLG7CWX,5.0
000047715X,A2LI5026JCXQBA,4.0
000047715X,AHNMXYVRDN1R9,5.0
000047715X,A2CAVTNQA2Y3IJ,5.0
000047715X,A2685NTFXLJJ1T,5.0
000047715X,A17TBLPM7H401J,4.0
0001384198,A310S8GKL783R8,5.0
0001384198,ABO3HOSXIPOZY,4.0
0001384198,AU4Z1Q4AX9ILA,5.0
0001384198,A1TGZVJZK8SMBX,5.0
0001384198,A3CCP99A7Z7HHT,3.0
0001384198,AYD53QNGJ86V0,5.0
0001384198,AES2G12KC8LRF,5.0
0001384198,A23NCV8FKT8NRF,5.0
0001384198,A2Z7OH44GTJ23D,5.0
0001384198,A3T2QUE13K4JWY,5.0
0001384198,A1LV2PJ80H3JXE,5.0
0001384198,A1G615KUVK29L6,5.0
0001384198,A2MJ1TKBQLWK33,5.0
0001384198,A1I48922IBOTE8,5.0
0001384198,A1OMQQKJG4KR7A,5.0
0001384198,A31FJPFY42IT92,5.0
0001384198,A3107JD6RGUQ97,5.0
0001384198,A3Y057QQBRYVI,5.0
0001384198,A1BLJ866DE2F8T,5.0
0001384198,A2SOJTJXR36WMS,1.0
0001384198,A2W9151Z7893LJ,5.0
0001384198,A3TRZ4O5B9ONHZ,3.0
0001384198,A2150RHQWD47RC,5.0
0001384198,A1KHD3XC892XTT,5.0
0001384198,AM7OX9KB9GX0U,5.0
0001384198,AITO6LBC7P1JO,5.0
0001384198,A25WH067IC4FCT,3.0
0001384198,A3K5ZUTTBSLUV6,5.0
0001384198,A12DFDJ2FM8KOT,5.0
0001384198,A3UWKRWJCJY90N,5.0
0001384198,A2N5Q9KNX4NIP3,5.0
0001384198,A144W4D9V4GK1G,5.0
0001384198,A33QAJB8CMC58H,2.0
0001384198,AZY870M82TGEI,5.0
0001384198,A37FJCCFASRNWH,5.0
0001384198,A243JAEFC50KWI,5.0
0001384198,A7QER6NGTP22X,5.0
0001384198,A63EC9EKME81W,5.0
0001384198,A18IPJWWO2OTB2,3.0
0001384198,A1KNSEFW5S2L6R,3.0
0001384198,A1A39VPNV7AHUF,5.0
0001384198,AYMEYAL8G7LJB,5.0
0001384198,A2CKKGIZSCCR6W,5.0
0001384198,A1L7ZTSJEN191T,3.0
0001384198,A366C6OLXZXVCC,5.0
0001384198,A1508MNAKXY1CK,5.0
0001384198,A1ACR3QGBJ7YTM,5.0
0001384198,AX9B0WWEELO20,5.0
0001384198,A2VXW3QE963TOM,5.0
0001384198,ASSI4OYKJT707,5.0
0001384198,A3DIWNJ495C9LL,1.0
0001384198,A1LXORA52TN2J5,5.0
0001384198,AETO5HN3JOGUZ,5.0
0001384198,A2JKB42RBCZZHB,5.0
0001384198,A8FS5GNH5VKPH,5.0
0001384198,ACPSP50X6K7NO,5.0
0001384198,A34HEO2ZBAW98W,5.0
0001384198,A34JUKOGBOSALK,5.0
0001384198,A39KX2ODBZ057S,5.0
0001384198,A25B7XXSTTN1IY,5.0
0001384198,A3MJY8X6VFB5CX,5.0
0001384198,A36655IEDV8ZT7,5.0
0001384198,A3L714OY25JG33,5.0
0001384198,A34UMGJYMWVLJ5,5.0
0001384198,A26L9F72JXA376,5.0
0001384198,A12OA7JG6H0YR5,5.0
0001384198,ALX81AEW5A346,5.0
0001384198,A3F6YRZGRQ5QGU,5.0
0001384198,A3SVZC9Q3A54LF,5.0
0001384198,A3SZO31VIW4ILP,5.0
0001384198,A33JV786SH0EFB,5.0
0001384198,A3ERTNXKSPRKB0,5.0
0001384198,A3B6MTQA5TIMPP,5.0
0001384198,A1CN2WHE2BKG3H,1.0
0001384198,AFJG5JYXDM29E,5.0
0001384198,ASVFHUFUM2Z5I,5.0
0001384198,A2H3RRKC17QN3A,5.0
0001384198,A1ZH1498KCF0II,5.0
0001384198,A2L4BBNT6DXHWM,5.0
0001384198,A18LCUFMH0EUWJ,3.0
0001384198,A2K1RLEEX925XK,3.0
0001384198,A1SRBQU4TOXGFP,5.0
0001384198,AQAGFIK4V5JCC,5.0
0001384198,AGIEJEH5K1WMT,3.0
0001384198,A3LLQ16DMKZEOD,5.0
0001384198,A3EY4VI8K6JLUU,5.0
0001384198,A34TPFLDV1ZG70,5.0
0001384198,A1G6G6UXR1YSKC,5.0
0001384198,A2ANJLL8HNNO1D,5.0
0001384198,A3HV8GH3S2TQ0W,5.0
0001384198,A1O8C1KIFXBCUF,5.0
0001384198,A3QQ8K5NM64QVF,4.0
0001384198,A8GE5VJJTXLPA,5.0
0001384198,A1YNOQ1OU02YMO,5.0
0001384198,A2GXKHKF8WPS9D,3.0
0001384198,A1MRCHJBBVNY5M,5.0
0001384198,A1RSN09JRDY48O,5.0
0001384198,A2M3YVLY0HYPC5,5.0
0001384198,A15CJLG8LF9GT5,5.0
0001384198,ABCVILJISUH9K,5.0
0001384198,A2YKGQH38MQPRV,5.0
0001384198,A3K2RKBQEKXKRN,5.0
0001384198,A3TYEFOT6TVW1F,1.0
0001384198,A36H7DM3F30NW0,5.0
0001384198,AZ5PL9H99H5LL,5.0
0001384198,AQ5QW0G7PH4DA,5.0
0001384198,A1E4076GTWPH70,5.0
0001384198,A3EUTW7F1RY420,5.0
0001384198,A8W26M5KSU5TJ,5.0
0001384198,A4RUR24N42D8C,5.0
0001384198,A1ZNB8UGH9H26S,5.0
0001384198,A2GAQW617JHPXS,5.0
0001384198,AEH6CWDFBH8S4,3.0
0001384198,AQD4IQIJ03WQY,5.0
0001384198,AAXAB62G5OZB3,1.0
0001384198,A2ES394NGZWN5W,5.0
0001384198,A2YGO6ECA5D6DG,5.0
0001384198,A14DDVQWNQ5278,3.0
0001384198,A3THVM6IF6KMA3,5.0
0001384198,AFS2HI8Y67T6J,5.0
0001384198,A3RTQ1L9Y8VVIU,5.0
0001384198,A3M8PM8G7C64RS,5.0
0001384198,A1K3DTEK8Y9F4G,1.0
0001384198,A2RTFTZW3X3J36,5.0
0001384198,AKEJX9EQH9SW2,5.0
0001384198,A3NRRMKCEA7DHS,5.0
0001384198,A3TIKW8OJC47LC,5.0
0001384198,A2AH0XE8I9VBKP,5.0
0001384198,A11M5VSSNQSTSB,5.0
0001384198,A23HISTR8I4SNR,5.0
0001384198,A3F25PICWGNL5N,4.0
0001384198,A3N4GAE6MM13OC,5.0
0001384198,A2QJ3LDJ3PI08L,5.0
0001384198,A1C0ZCHQ5XTT05,3.0
0001384198,A310NKEBL2AVUW,1.0
0001384198,A3T94LVGRGNOXU,1.0
0001384198,ACKMVLXZUAKSN,5.0
0001384198,AMNUMGBROHA08,5.0
0001384198,AYNKWUIA4RE8R,5.0
0001384198,AXRBM8K2WBO5N,5.0
0001384198,A2T8YTBGCBDBZG,5.0
0001384198,A3SP9WM52ZIGEV,5.0
0001384198,A1N44CFJ9J76GP,5.0
0001384198,A1YUC3M8CXLXOH,4.0
0001384198,A2SQV6Q3AHE64C,5.0
0001384198,AJLCZWSOJMMF0,5.0
0001384198,A1QZVEJ3605BX,5.0
0001384198,A30P53PUPJZBO0,3.0
0001384198,A3TL0L8XBGK51J,5.0
0001384198,ALJH0IF0S4Y7R,5.0
0001384198,A3T5ESH213SSO4,5.0
0001384198,A1NK3FJGD9BEBG,5.0
0001384198,A1ZA35QKZKEOOZ,5.0
0001384198,A3N403N5XT9K5J,1.0
0001384198,AD70IY0C7854X,5.0
0001384198,A1KFDG3E33RWJM,5.0
0001384198,A1DM6BLSGO6MF7,5.0
0001384198,A2EHM77TFVYHUO,5.0
0001384198,A3HPSBZL81TL4J,1.0
0001384198,A2S5FT4R4QNTPR,5.0
0001384198,A3BW7KRKFATN0L,5.0
0001384198,AA9JQFR8RQQQS,4.0
0001384198,A1UHDHNXLYGHRJ,5.0
0001384198,ALHF6CIZIPAYO,2.0
0001384198,A30496BL55M6Y6,5.0
0001384198,A3UGSKO9TCJIOJ,5.0
0001384198,A2VTHGTNN0E2RG,5.0
0001384198,A3BN5W5HXGEIC4,5.0
0001384198,A2S89W5ZQ9M5AZ,5.0
0001384198,AB2E5G47EF3B7,1.0
0001384198,AHC2JZK4UIIIO,5.0
0001384198,A2HFNHN18GSNOU,3.0
0001384198,A3QGT7V0XRZ82N,5.0
0001384198,A13LKF0KHL5GOR,5.0
0001384198,A1AXKDYS1OE8TA,5.0
0001384198,A96FMRWEAYP29,3.0
0001384198,AIE14EPI8YQBV,5.0
0001384198,AUZH1S7OC1RYC,5.0
0001384198,A3TR72GQ3B1J4M,5.0
0001384198,A23EXN1N5NKURH,1.0
0001384198,A1BM2ZZ2OZQD5M,5.0
0001384198,AZ0LSRS0BS4WK,5.0
0001384198,A3AKJDH1YAX7RU,5.0
0001384198,A2EVG98I078VBD,5.0
0001384198,A378SI6I2DGXXI,5.0
0001384198,A2WSFU9TRIT6LN,5.0
0001384198,A210PHK9WDJF4J,5.0
0001384198,A2889ZW7FT85FI,5.0
0001384198,AVFXMVZPBVU1F,5.0
0001384198,AXB20IJCTNXJI,5.0
0001384198,A1HSABM6OOIZ0P,5.0
0001384198,AG1HV4EGGE3UJ,3.0
0001384198,A1DFQY8N5H8FKR,1.0
0001384198,AZ21FFFOB56HM,5.0
0001384198,A3PCWMQQ3PILNS,5.0
0001384198,A3SCD8LGVBPTDW,1.0
0001384198,A16JWC81BOHZFJ,5.0
0001384198,A3BNS2R6QF43IP,3.0
0001384198,A43NE3PLNCA1Q,5.0
0001384198,AS4UBAKUQ57ZQ,1.0
0001384198,A1EQDPC1H615H2,5.0
0001384198,A2FUAY203GSOQ1,5.0
0001384198,A2VPDU7O75JHTZ,1.0
0001384198,A2930OPKP2JKAW,5.0
0001384198,A1FHCRVWLXK074,5.0
0001384198,A23XEIHINSBVGB,5.0
0001384198,A3C4611EMOYOTE,5.0
0001384198,A3VOJ0XHM9UE63,5.0
0001384198,ALUGXJE8QRTT8,3.0
0001384198,AS464FLDIGCL1,5.0
0001384198,A106PKPYTUQ758,3.0
0001384198,AVP0HXC9FG790,5.0
0001384198,A2064QWY14C22W,5.0
0001384198,A2BIU045UP5YKJ,5.0
0001384198,A3LV6M12MILSP0,4.0
0001384198,A2P3OJWECVTOET,5.0
0001384198,A1NKQ3W4D5ICJI,5.0
0001384198,A16WHBFW0NA0SQ,3.0
0001384198,A1RJ6MVVDR50AG,2.0
0001384198,A2QTPR51Y8LX8L,5.0
0001384198,A3V26U8CIJLZ5X,5.0
0001384198,A1KWXY780J0E1,5.0
0001384198,A2LBSJOPX6XULR,5.0
0001384198,A394SOIJHN5A4O,5.0
0001384198,A23IKB7TWGB3ZY,5.0
0001384198,A18JXXX6ZOV19Q,5.0
0001384198,A33ZA8XJAXFE03,5.0
0001384198,A3MK0T7QIPAGAC,1.0
0001384198,A3W1M8QOWW9NZD,5.0
0001384198,A3GA0HH4J2DFYT,5.0
0001384198,A1A8QCBNQZ997Z,5.0
0001384198,A28LN0ESUIK7Q0,5.0
0001384198,A1KEF65YX5L7Z6,3.0
0001384198,A3GRU6DYI1O9K0,5.0
0001384198,A1VZB9JTIN9QBV,5.0
0001384198,A21K3KIVEDCA8O,5.0
0001384198,A1DFN58B6ABOAQ,1.0
0001384198,AGCFR154O9GXY,5.0
0001384198,A26XXLQ8R8TM9O,5.0
0001384198,A3VAN0CG20GXQN,5.0
0001384198,A1RIFW3SHERI2T,5.0
0001384198,A3EXV92GQQI655,5.0
0001384198,A1J3ZXZSXTL3V3,5.0
0001384198,A1BCSRNGYMHXEU,1.0
0001384198,AUHTJFFW95K9H,5.0
0001384198,AJ133AQBUHY7B,4.0
0001384198,AS8PTEMMPGRTO,3.0
0001384198,A2LCXNQW5CUME8,5.0
0001384198,A19KWF5ZJPJ6P2,3.0
0001384198,A1L0ZENJXX9RWO,3.0
0001384198,A3NR5NEBF5VH5T,5.0
0001384198,A3NVDK1O3N7GU4,4.0
0001384198,A1PWY4VZ7JDZNW,5.0
0001384198,A3DFBPTZF3J4T8,5.0
0001384198,AUQE4E5G777NF,4.0
0001384198,A3LYNBJ8IZBDVW,3.0
0001384198,A34Z5LYK9Z16FX,3.0
0001384198,A1344VGZID0ZZU,5.0
0001384198,A1CZAASAJVANTN,5.0
0001384198,A2U8AFWXEXMPZO,5.0
0001384198,A1E45K0Z4C9L1M,2.0
0001384198,A2VCSJ5ZGTW4LQ,1.0
0001384198,A31YSO8IM3EHMY,3.0
0001384198,A247HMH45NA00L,5.0
0001384198,AFZH1IVVLVXPN,4.0
0001384198,A1Y59EGDOXO87L,5.0
0001384198,A3L7ETA01QQCB8,5.0
0001384198,A4IKILMR3YHB3,5.0
0001384198,A3JCDYJVUHLBN3,5.0
0001384198,A15B60J0198PY9,5.0
0001384198,A2BQQDTTOAPKOJ,5.0
0001384198,A1QS84F49IX0Y9,5.0
0001384198,A9SHH2RZPPYBV,1.0
0001384198,A3V6SQAAO721DC,5.0
0001384198,A2MVXJ5AKHO7T5,5.0
0001384198,A2TX1QATOIKSEP,1.0
0001384198,A13VUNP9EECQHP,5.0
0001384198,A1VF20SIKWGK52,2.0
0001384198,ACEUXI7YZG6ZR,4.0
0001384198,A2S8E34FFTTISC,2.0
0001384198,A1C893PB7FAWWC,5.0
0001384198,A1XFS1SIJ3JEOT,5.0
0001384198,A2QH4D9L17MSCB,1.0
0001384198,AAOBGVA7SI5BB,5.0
0001384198,AAMTB848RMXRS,5.0
0001384198,A12LGB549BKPY6,5.0
0001384198,A1WQPID8H7JOD9,5.0
0001384198,A1AJ7E53K796VB,1.0
0001384198,A3FX1OUSY6HZ9G,5.0
0001384198,A34XULOHRXQ247,4.0
0001384198,A2PF64RBR1G1SZ,5.0
0001384198,A3BOMDBMACW7Z5,5.0
0001384198,AZ3ZRUCFQ8AX4,5.0
0001384198,A7AUE059RYN9F,5.0
0001384198,AWS06BQVHSJ4B,5.0
0001384198,AE4QQXEOZYIUR,5.0
0001384198,A8RTFTEE1SU7K,5.0
0001384198,A1MRQN73L8JWQU,4.0
0001384198,A3VS479F4THZP5,1.0
0001384198,A4GK4HIX2DKHM,4.0
0001384198,A3QONIT4TWG3MY,1.0
0001384198,AQA83Y2EDAFZI,5.0
0001384198,AMDC4OLGMNHH6,5.0
0001384198,A3IL4ZK9PPLWBC,5.0
0001384198,A370X1OXQ8ZAXU,5.0
0001384198,A3O3OR4J89PYU4,4.0
0001384198,A3PSNZOYGB4G9W,1.0
0001384198,A3J258MXEWBWNZ,5.0
0001384198,A3DS2B5OCDRYDN,5.0
0001384198,A3BIUECXVS7NFF,1.0
0001384198,A1DVWAH27YOXGK,5.0
0001384198,A134F3QYQ6C1AN,1.0
0001384198,A2VD84BVW73FQ5,5.0
0001384198,A3SS6NV3MSXGTL,5.0
0001384198,A2M0LIM4D3DXLC,4.0
0001384198,A34UP6JUJZL0B1,5.0
0001384198,A2J8F95TL6CIP7,5.0
0001384198,A2EO0M4THKCL9U,5.0
0001384198,A2B3ETUEO92UHL,4.0
0001384198,A2GFE3HR3M1Q6V,3.0
0001384198,ADTD2050OUHTL,3.0
0001384198,A2THIEDXM1ZN3N,5.0
0001384198,A8KD80M5DFL3J,5.0
0001384198,A2TUGVWRG0GDMB,5.0
0001384198,A1H8EA8DDN1RL8,5.0
0001384198,AR31TQY3IPJ9N,1.0
0001384198,AEKOW3ACK762I,4.0
0001384198,A2GCNSKO43QK2U,5.0
0001384198,AL39AJU2K3FX3,5.0
0001384198,A15J4PL1XTQT6W,2.0
0001384198,A380SG0BFH2TRY,5.0
0001384198,AA9ERHRKFU8KU,5.0
0001384198,AKRBB22QV9NO5,2.0
0001384198,A1NHG8JFLCUMC1,1.0
0001384198,AWP53ZSC8TBXT,2.0
0001384198,A3QW7VMQIGW2R9,3.0
0001384198,AUVUITNP8HZQ1,5.0
0001384198,A24SPK35UXI3GA,5.0
0001384198,A6OCUAYP0PUZP,5.0
0001384198,AIZG1L756IY38,5.0
0001384198,A2I2X1JMR0Y9IB,5.0
0001384198,A3IRLA0FFFWHXX,5.0
0001384198,A1SPRZAS9WU3KU,5.0
0001384198,A3M25WCFV64TRH,5.0
0001384198,A39NS9SQNYGSKU,5.0
0001384198,A1MH09E1535XMT,1.0
0001384198,A3O3OHU0P6Z2TT,4.0
0001384198,A1FFXVOMHBUDIY,5.0
0001384198,A38O87TCNTNAZ1,4.0
0001384198,AEA7ZR7YWBCAT,5.0
0001384198,ANBNLTE9OHUQJ,4.0
0001384198,A3O49GGDOZ7FL7,5.0
0001384198,A2EGE3NL7BTCJ8,5.0
0001384198,A385K0ZJM4XBE2,5.0
0001384198,A13Q090MXBG9UU,5.0
0001384198,A3O01U7HNGXUGT,5.0
0001384198,AGMKTBINIPA1Z,4.0
0001384198,AI52RSGVMQRS7,3.0
0001384198,A6KIMEJ9KUIXA,2.0
0001384198,A3TEMOQZ2DQY07,5.0
0001384198,A1WWSC0T3II8A,1.0
0001384198,A3FQ6S8ZN081T4,5.0
0001384198,A2JWKFFV8WVW16,2.0
0001384198,A2PXM71F34LC9O,5.0
0001384198,A39BLIV6YOHUU5,5.0
0001384198,A4CTVZQ2J84SA,3.0
0001384198,A1X1S24Y0NDEX3,5.0
0001384198,A2R97DOD63RZKF,4.0
0001384198,A1JZFGZEZVWQPY,5.0
0001384198,A2RK3SMQZ3UK83,5.0
0001384198,A1J13HB2D8K2W4,5.0
0001384198,AGES6DBWJDX0U,2.0
0001384198,A2M20IYMJQKU87,5.0
0001384198,A3Q6AX1YCO59PF,5.0
0001384198,A1E32NJ27OAH7K,5.0
0001384198,A2ADX7JIEJHS8C,5.0
0001384198,A296O33PHOSXUJ,5.0
0001384198,A3L0NYXT0D1B8P,3.0
0001384198,A3BMKVTQ0YM9R9,5.0
0001384198,AKYO4HJ92U2UO,4.0
0001384198,A1TWMOZ5J7CFDV,5.0
0001384198,A2D75C4TX79E76,5.0
0001384198,A1VC3WITYKWNIW,4.0
0001384198,A3CCGL329T1PHJ,5.0
0001384198,A236RYQL6BR1UN,4.0
0001384198,A3TKNOO5Y4XLVK,3.0
0001384198,AWVQ41UJTQGRB,5.0
0001384198,A1UQMBSG17AU3A,5.0
0001384198,A2ASPNZ3U8UKV0,5.0
0001384198,A22HF6I6VBQ39H,5.0
0001384198,A23D1V5W79COQD,4.0
0001384198,A29JZ68RPB0GI5,5.0
0001384198,A3TLN5GTVHNIJR,5.0
0001384198,A14LWKO54NMXVG,5.0
0001384198,A29K4NZLQCP70Z,1.0
0001384198,A3909NFMOV9SP3,5.0
0001384198,A3EVAMUOY927GC,4.0
0001384198,A7EIPHPRZ3HTG,5.0
0001384198,AQV9SONX39C7I,5.0
0001384198,A1JIOLMKKK97QS,5.0
0001384198,AN1J63Q52R0K2,5.0
0001384198,A38OT4PN77R1W7,5.0
0001384198,A3GFWAY5YADZLV,5.0
0001384198,A2N898S1Y23L7G,5.0
0001384198,A154T3VBRMO2X4,5.0
0001384198,A2KS0P2E4Z45S0,5.0
0001384198,AFRJL6YCQ2BMU,5.0
0001384198,A17O5TWF4H1VNU,5.0
0001384198,A18XFNA3GRDBXC,3.0
0001384198,A9BJUYI09FUK9,5.0
0001384198,AHUCISZ7DKIZ9,5.0
0001384198,A2QBNRAR61JOL6,5.0
0001384198,A9S5R1KBUBWU2,5.0
0001384198,A1T8UDXBW9J8EA,2.0
0001384198,A2OOZN6YK52CSW,4.0
0001384198,A3DXNHM5KCYYF6,5.0
0001384198,ATO9XRWKWG13I,5.0
0001384198,A2O0Z1755KAUFR,5.0
0001384198,A2SP8QZO0O7RG7,5.0
0001384198,A3LTQIL6HIE30C,3.0
0001384198,AJ8BZ8DD26LCC,3.0
0001384198,A15JS8R8FJMUE1,5.0
0001384198,A2V0XTY1O4RL6P,4.0
0001384198,A1KT9G4SXAFA7M,5.0
0001384198,AFXR4S3XSSGE5,5.0
0001384198,A1IKBMMHMYC1V3,3.0
0001384198,AW4ZFHCWEJM7P,5.0
0001384198,ABH03DFDULJE,5.0
0001384198,A2Y7KTM0QC316C,5.0
0001384198,AM6BM0Y611KYO,5.0
0001384198,A3AY4G218NNKSR,5.0
0001384198,A3MB703PW51RZD,5.0
0001384198,A29B2TOMJOUES3,5.0
0001384198,A36MH7IYP143OG,5.0
0001384198,A1UZ3EJAVULZ8X,5.0
0001384198,A1ZMBTCI0VZKI3,2.0
0001384198,AWU4MRRVVNJVY,1.0
0001384198,A2EUD38932MXQS,5.0
0001384198,A22DHJ5YAM310U,1.0
0001384198,A1GKC6AWXGE2NF,5.0
0001384198,AHMEW8CEOVW5G,4.0
0001384198,A3NZNK37GA1WHT,5.0
0001384198,A28TJ5QXCCVL0I,5.0
0001384198,A1VAY42AJYS5K8,5.0
0001384198,A1V589UJYARCPE,5.0
0001384198,A3MKEO76CFKOM3,3.0
0001384198,A24S3SMGK0JMNM,5.0
0001384198,ANFBSAV2V9BZ0,5.0
0001384198,A2VHLCCTN36RHT,3.0
0001384198,A2C4TB7PIAES91,5.0
0001384198,A20LIUIS81UCXN,3.0
0001384198,A21I0NCVSIPKST,2.0
0001384198,A3C8U8DJDMKF12,4.0
0001384198,A25PERLR5M4VZD,5.0
0001384198,A35XZZWYI8L6AL,5.0
0001384198,A27CK1O95WL8SM,5.0
0001384198,A1LCGNI8CRT2GC,5.0
0001384198,A215A3141AIK0Q,5.0
0001384198,A2OTKKV354FH1R,5.0
0001384198,A1130151M9EIPZ,3.0
0001384198,AI0KTB9KWMPTJ,5.0
0001384198,A2YXUUSSWPIDS1,3.0
0001384198,A14KFAV4FBJ4AJ,5.0
0001384198,A1M4W6GH7YX2WW,5.0
0001384198,AQUT9PZZOHN3F,1.0
0001384198,A3S52KVPOOTF36,5.0
0001384198,AAR6KYSQC2RDB,1.0
0001384198,A3BSN106915JX3,5.0
0001384198,APPCUN13AIOCA,5.0
0001384198,A27BP2ZOMVD59U,5.0
0001384198,A3ALA7EL98XMB7,5.0
0001384198,A3NIKP0WGVAVY9,3.0
0001384198,A301CQSRU5E5J2,3.0
0001384198,A16P5N8MNTXXU3,5.0
0001384198,A12DIX8U0O538Z,3.0
0001384198,AQ8GVBF5YJFSB,5.0
0001384198,A2Q0OMPSCQ008M,2.0
0001384198,A47LLD0GKTHL7,3.0
0001384198,A2T4S5RZM0E94A,3.0
0001384198,A1T0C6RLJNSA4R,4.0
0001384198,A368PAEL4UV7GE,5.0
0001384198,A1NKJW0TNRVS7O,5.0
0001384198,ACYN9HMSI43D9,5.0
0001384198,A3KDCJEJQXZV48,3.0
0001384198,AB3Z2DT8DA9GC,2.0
0001384198,A2342KZ27FB3QD,5.0
0001384198,A2GBEQDR1BGAYD,5.0
0001384198,A1N98RV9HRG50A,5.0
0001384198,A95VL99B7PKEE,5.0
0001384198,A2SZQ4RIBGH4S0,5.0
0001384198,AR1PP9L7ITGIM,1.0
0001384198,A3IK8BRVAV2957,5.0
0001384198,AR8CDOLV1G4Y4,5.0
0001384198,A1GRAJ2LPGM9UC,4.0
0001384198,AYTDCNGZ3GCH4,4.0
0001384198,A3O30D6UYN02CE,5.0
0001384198,A1I3SQ5436ZFE3,5.0
0001384198,A3HUSAJ5BNF6TN,5.0
0001384198,A7K7RA8YHVEAI,5.0
0001384198,A1G2NIQIC7V94N,1.0
0001384198,AU2V0FIBAEGXN,5.0
0001384198,A3BP0GEL8XYWBC,3.0
0001384198,A14H6LPFB3G0CG,5.0
0001384198,A1V47QJ0Y9X6FC,5.0
0001384198,ABOG0BVY6S91Y,4.0
0001384198,AU8BUZFVPCZMN,5.0
0001384198,AF47OYYCAWA6X,5.0
0001384198,A3TFBLNZO0E6R0,5.0
0001384198,A1K2R2FNEZI9UN,2.0
0001384198,A3NLYEORC6DIJN,5.0
0001384198,AB5JJRCPDISY8,4.0
0001384198,APMU4XOP7PR2V,3.0
0001384198,A3TBL3P69VWZBO,5.0
0001384198,AKRD14X31322K,5.0
0001384198,AJXHKG9MG3TJ0,5.0
0001384198,A2T0ZAD9IWYFB9,5.0
0001384198,A3QQ9JFDIP2O21,5.0
0001384198,ASSQ9J825KOY7,5.0
0001384198,A3O57RLU0CPW1M,5.0
0001384198,A18PSZ2WZGO4S0,5.0
0001384198,A1GP4KEJLVQ9LO,5.0
0001384198,A6ARCITB22ZEL,3.0
0001384198,A2RP0SJXBJMI1Q,4.0
0001384198,A5808EU94ZG1R,5.0
0001384198,A11M3RL86EKYQL,5.0
0001384198,A1INE1AH1905D7,5.0
0001384198,AE5NMPZ9JKC2Q,4.0
0001384198,A1UBUR3RPRXQKT,4.0
0001384198,A2UA54M3LDETU0,4.0
0001384198,A3GURTXTBN6P1H,4.0
0001384198,A3AGRXY3JYCIJ3,4.0
0001384198,AD4SHMDB40FTI,5.0
0001384198,A1AHDK1R9OEQ8E,4.0
0001384198,A189124RNF8AG6,5.0
0001384198,AJOSL2W2SC5PE,3.0
0001384198,A3FVAWZNKW9GX,5.0
0001384198,A1G73KDUW5KPKB,5.0
0001384198,A3CH4MIJPZUOBU,4.0
0001384198,A3C66WCRKASA3B,2.0
0001384198,AN8P5TP1ICDTY,5.0
0001384198,A5S02H4XJCDAF,5.0
0001384198,A32V9J8BK9PWZW,3.0
0001384198,A2EDZH51XHFA9B,2.0
0001384198,A1RXRDVHW6S598,5.0
0001384198,ASBFTIUBR97T4,3.0
0001384198,A1HTP28MJNRP4A,5.0
0001384198,ABNSIA2Z3ASO3,5.0
0001384198,A21SGKG7HBM3V3,5.0
0001384198,A3W1ZOQE7TGXM0,3.0
0001384198,A131V7E1QVHZMK,5.0
0001384198,A22V3X8G6CS6GB,5.0
0001384198,A16FAS8W58EPZW,5.0
0001384198,A2XO942IV8HW7O,4.0
0001384198,A2IZJMJ0208LXL,5.0
0001384198,A3D80S8S7M81OW,4.0
0001384198,A1YKYZ5TX0LZPL,5.0
0001384198,A1GKQL8VWI4ZJ6,1.0
0001384198,A1IIP5OVY6B9MK,3.0
0001384198,A2HPRN2X9S1WTE,5.0
0001384198,A4HXG7FK877CO,5.0
0001384198,A1PH7QOKYQ368P,5.0
0001384198,A13MZU1KPJBG9N,4.0
0001384198,A3MTWJNDONEIZR,5.0
0001384198,A1ET0JKK7VNOM4,5.0
0001384198,A7JKYNREH8NS4,5.0
0001384198,A170OXDKB9LBP0,5.0
0001384198,A2O578DFQ6K4WV,5.0
0001384198,A1TI9UYWP0WMAY,1.0
0001384198,A1PGFH50C5XWDC,3.0
0001384198,A127UH3KKXW0C0,4.0
0001384198,A2MGOMU2K4EO3O,5.0
0001384198,AID9ZOW2HKO35,2.0
0001384198,AQOV003Q91S31,5.0
0001384198,A1PQ5WDC71826Y,5.0
0001384198,AYU40VLTCA0OE,5.0
0001384198,A4U5Q0DNABCP8,5.0
0001384198,A3RQ6IH0Y5U926,5.0
0001384198,A389S3L2NM34RH,5.0
0001384198,A28RCAA27DE22E,4.0
0001384198,A2T3B0CNIUEQ8M,5.0
0001384198,AQUS3T4JLM9B,5.0
0001384198,A17X040L000Z0B,4.0
0001384198,A3W5CI95Q9ABG9,5.0
0001384198,A1X1J3ISEQA5E6,5.0
0001384198,A1Y5BABKI75EQ3,4.0
0001384198,A2LTAN1UB0YW2A,4.0
0001384198,A6695MRT3RCH6,5.0
0001384198,AYW4TM81EIFJ0,5.0
0001384198,A379YF5EBR14W1,5.0
0001384198,AVTWQN6K0QRCD,5.0
0001384198,A3OKSUB9PVLONR,3.0
0001384198,A1C8B6R6FQNGXF,5.0
0001384198,A1FOHZT3ZF10XS,5.0
0001384198,A2C9O6LKUE36M5,5.0
0001384198,AQ5ILOWCIP69P,5.0
0001384198,A2G5IFYYHFIQNB,5.0
0001384198,A2XVDBLACNE7ZC,5.0
0001384198,A22K9RNKGUDTYC,4.0
0001384198,A3G7M21JZHU2I4,5.0
0001384198,AHW4HJKKLOMEN,1.0
0001384198,A2SQNYDV9YU67A,5.0
0001384198,A1OOKARVND4Z5G,5.0
0001384198,A2DU3MEU4F8NTT,5.0
0001384198,ANQ1UPNH75TQG,5.0
0001384198,A3N8R8URID0SKG,3.0
0001384198,A5S98AEI9WI7Y,4.0
0001384198,A2U0HI0VF3O8B6,5.0
0001384198,AC5UK8HQGPJ3I,5.0
0001384198,A1PS3WG28ALDRV,5.0
0001384198,AB9VPIPAEIBTX,3.0
0001384198,A3128GG90H14O6,2.0
0001384198,A1G2ASLL2YWM81,3.0
0001384198,A18HXCX01R60ZB,5.0
0001384198,A3KPN86IFJ1CW7,4.0
0001384198,A3L1L2TUIWPFDN,5.0
0001384198,A2WDPKL01ILCQ5,3.0
0001384198,A15WQ7V1OGJ2IE,5.0
0001384198,A3O11AZC86MP9E,5.0
0001384198,ARWYGWXB243RI,5.0
0001384198,A331AFVDOICK1E,3.0
